1.5,0,1,0.5
1.5019,0.003,0.99992,0.49901
1.5017,0.006,0.99968,0.49606
1.4994,0.009,0.99929,0.49114
1.495,0.012,0.99874,0.48429
1.4886,0.015,0.99803,0.47553
1.48,0.018,0.99716,0.46489
1.4695,0.021,0.99613,0.45241
1.4571,0.024,0.99495,0.43815
1.4428,0.027,0.99361,0.42216
1.4266,0.03,0.99211,0.40451
1.4087,0.033,0.99046,0.38526
1.3891,0.036,0.98865,0.36448
1.368,0.039,0.98669,0.34227
1.3453,0.042,0.98456,0.31871
1.3212,0.045,0.98229,0.29389
1.2958,0.048,0.97986,0.26791
1.2691,0.051,0.97727,0.24088
1.2414,0.054,0.97453,0.21289
1.2127,0.057,0.97163,0.18406
1.1831,0.06,0.96858,0.15451
1.1527,0.063,0.96538,0.12434
1.1217,0.066,0.96203,0.093691
1.0902,0.069,0.95852,0.062667
1.0583,0.072,0.95486,0.031395
1.0261,0.075,0.95106,3.0616e-17
0.9937,0.078,0.9471,-0.031395
0.96132,0.081,0.94299,-0.062667
0.92904,0.084,0.93873,-0.093691
0.89698,0.087,0.93433,-0.12434
0.86527,0.09,0.92978,-0.15451
0.83401,0.093,0.92508,-0.18406
0.80334,0.096,0.92023,-0.21289
0.77336,0.099,0.91524,-0.24088
0.74419,0.102,0.91011,-0.26791
0.71593,0.105,0.90483,-0.29389
0.68869,0.108,0.89941,-0.31871
0.66257,0.111,0.89384,-0.34227
0.63765,0.114,0.88814,-0.36448
0.61403,0.117,0.88229,-0.38526
0.5918,0.12,0.87631,-0.40451
0.57102,0.123,0.87018,-0.42216
0.55177,0.126,0.86392,-0.43815
0.53411,0.129,0.85753,-0.45241
0.51811,0.132,0.85099,-0.46489
0.5038,0.135,0.84433,-0.47553
0.49124,0.138,0.83753,-0.48429
0.48045,0.141,0.8306,-0.49114
0.47148,0.144,0.82353,-0.49606
0.46433,0.147,0.81634,-0.49901
0.45902,0.15,0.80902,-0.5
0.45555,0.153,0.80157,-0.49901
0.45393,0.156,0.79399,-0.49606
0.45414,0.159,0.78629,-0.49114
0.45617,0.162,0.77846,-0.48429
0.45998,0.165,0.77051,-0.47553
0.46555,0.168,0.76244,-0.46489
0.47284,0.171,0.75425,-0.45241
0.48179,0.174,0.74594,-0.43815
0.49235,0.177,0.73751,-0.42216
0.50446,0.18,0.72897,-0.40451
0.51805,0.183,0.72031,-0.38526
0.53305,0.186,0.71154,-0.36448
0.54938,0.189,0.70265,-0.34227
0.56694,0.192,0.69365,-0.31871
0.58565,0.195,0.68455,-0.29389
0.60542,0.198,0.67533,-0.26791
0.62614,0.201,0.66601,-0.24088
0.6477,0.204,0.65659,-0.21289
0.66999,0.207,0.64706,-0.18406
0.69292,0.21,0.63742,-0.15451
0.71635,0.213,0.62769,-0.12434
0.74017,0.216,0.61786,-0.093691
0.76426,0.219,0.60793,-0.062667
0.78851,0.222,0.5979,-0.031395
0.81279,0.225,0.58779,-9.1849e-17
0.83697,0.228,0.57757,0.031395
0.86094,0.231,0.56727,0.062667
0.88457,0.234,0.55688,0.093691
0.90774,0.237,0.54639,0.12434
0.93034,0.24,0.53583,0.15451
0.95224,0.243,0.52517,0.18406
0.97333,0.246,0.51444,0.21289
0.9935,0.249,0.50362,0.24088
1.0126,0.252,0.49273,0.26791
1.0306,0.255,0.48175,0.29389
1.0474,0.258,0.4707,0.31871
1.0629,0.261,0.45958,0.34227
1.0769,0.264,0.44838,0.36448
1.0894,0.267,0.43712,0.38526
1.1003,0.27,0.42578,0.40451
1.1095,0.273,0.41438,0.42216
1.1171,0.276,0.40291,0.43815
1.1228,0.279,0.39137,0.45241
1.1267,0.282,0.37978,0.46489
1.1287,0.285,0.36812,0.47553
1.1287,0.288,0.35641,0.48429
1.1268,0.291,0.34464,0.49114
1.1229,0.294,0.33282,0.49606
1.117,0.297,0.32094,0.49901
1.109,0.3,0.30902,0.5
1.0991,0.303,0.29704,0.49901
1.0871,0.306,0.28502,0.49606
1.0731,0.309,0.27295,0.49114
1.0571,0.312,0.26084,0.48429
1.0392,0.315,0.24869,0.47553
1.0194,0.318,0.2365,0.46489
0.99768,0.321,0.22427,0.45241
0.97416,0.324,0.21201,0.43815
0.94887,0.327,0.19971,0.42216
0.92189,0.33,0.18738,0.40451
0.89328,0.333,0.17502,0.38526
0.86312,0.336,0.16264,0.36448
0.8315,0.339,0.15023,0.34227
0.7985,0.342,0.13779,0.31871
0.76423,0.345,0.12533,0.29389
0.72877,0.348,0.11286,0.26791
0.69224,0.351,0.10036,0.24088
0.65474,0.354,0.087851,0.21289
0.61639,0.357,0.075327,0.18406
0.5773,0.36,0.062791,0.15451
0.53759,0.363,0.050244,0.12434
0.49738,0.366,0.03769,0.093691
0.4568,0.369,0.02513,0.062667
0.41596,0.372,0.012566,0.031395
0.375,0.375,6.1232e-17,1.5308e-16
0.33404,0.378,-0.012566,-0.031395
0.2932,0.381,-0.02513,-0.062667
0.25262,0.384,-0.03769,-0.093691
0.21241,0.387,-0.050244,-0.12434
0.1727,0.39,-0.062791,-0.15451
0.13361,0.393,-0.075327,-0.18406
0.095259,0.396,-0.087851,-0.21289
0.057761,0.399,-0.10036,-0.24088
0.02123,0.402,-0.11286,-0.26791
-0.014226,0.405,-0.12533,-0.29389
-0.048502,0.408,-0.13779,-0.31871
-0.081499,0.411,-0.15023,-0.34227
-0.11312,0.414,-0.16264,-0.36448
-0.14328,0.417,-0.17502,-0.38526
-0.17189,0.42,-0.18738,-0.40451
-0.19887,0.423,-0.19971,-0.42216
-0.22416,0.426,-0.21201,-0.43815
-0.24768,0.429,-0.22427,-0.45241
-0.26939,0.432,-0.2365,-0.46489
-0.28922,0.435,-0.24869,-0.47553
-0.30713,0.438,-0.26084,-0.48429
-0.3231,0.441,-0.27295,-0.49114
-0.33708,0.444,-0.28502,-0.49606
-0.34905,0.447,-0.29704,-0.49901
-0.35902,0.45,-0.30902,-0.5
-0.36696,0.453,-0.32094,-0.49901
-0.37288,0.456,-0.33282,-0.49606
-0.37679,0.459,-0.34464,-0.49114
-0.3787,0.462,-0.35641,-0.48429
-0.37865,0.465,-0.36812,-0.47553
-0.37667,0.468,-0.37978,-0.46489
-0.37279,0.471,-0.39137,-0.45241
-0.36706,0.474,-0.40291,-0.43815
-0.35954,0.477,-0.41438,-0.42216
-0.35029,0.48,-0.42578,-0.40451
-0.33937,0.483,-0.43712,-0.38526
-0.32687,0.486,-0.44838,-0.36448
-0.31285,0.489,-0.45958,-0.34227
-0.29742,0.492,-0.4707,-0.31871
-0.28065,0.495,-0.48175,-0.29389
-0.26264,0.498,-0.49273,-0.26791
-0.2435,0.501,-0.50362,-0.24088
-0.22333,0.504,-0.51444,-0.21289
-0.20224,0.507,-0.52517,-0.18406
-0.18034,0.51,-0.53583,-0.15451
-0.15774,0.513,-0.54639,-0.12434
-0.13457,0.516,-0.55688,-0.093691
-0.11094,0.519,-0.56727,-0.062667
-0.086968,0.522,-0.57757,-0.031395
-0.062785,0.525,-0.58779,6.7387e-16
-0.03851,0.528,-0.5979,0.031395
-0.014264,0.531,-0.60793,0.062667
0.009831,0.534,-0.61786,0.093691
0.033654,0.537,-0.62769,0.12434
0.057085,0.54,-0.63742,0.15451
0.080006,0.543,-0.64706,0.18406
0.1023,0.546,-0.65659,0.21289
0.12386,0.549,-0.66601,0.24088
0.14458,0.552,-0.67533,0.26791
0.16435,0.555,-0.68455,0.29389
0.18306,0.558,-0.69365,0.31871
0.20062,0.561,-0.70265,0.34227
0.21695,0.564,-0.71154,0.36448
0.23195,0.567,-0.72031,0.38526
0.24554,0.57,-0.72897,0.40451
0.25765,0.573,-0.73751,0.42216
0.26821,0.576,-0.74594,0.43815
0.27716,0.579,-0.75425,0.45241
0.28445,0.582,-0.76244,0.46489
0.29002,0.585,-0.77051,0.47553
0.29383,0.588,-0.77846,0.48429
0.29586,0.591,-0.78629,0.49114
0.29607,0.594,-0.79399,0.49606
0.29445,0.597,-0.80157,0.49901
0.29098,0.6,-0.80902,0.5
0.28567,0.603,-0.81634,0.49901
0.27852,0.606,-0.82353,0.49606
0.26955,0.609,-0.8306,0.49114
0.25876,0.612,-0.83753,0.48429
0.2462,0.615,-0.84433,0.47553
0.23189,0.618,-0.85099,0.46489
0.21589,0.621,-0.85753,0.45241
0.19823,0.624,-0.86392,0.43815
0.17898,0.627,-0.87018,0.42216
0.1582,0.63,-0.87631,0.40451
0.13597,0.633,-0.88229,0.38526
0.11235,0.636,-0.88814,0.36448
0.087432,0.639,-0.89384,0.34227
0.061307,0.642,-0.89941,0.31871
0.034066,0.645,-0.90483,0.29389
0.0058074,0.648,-0.91011,0.26791
-0.023364,0.651,-0.91524,0.24088
-0.053342,0.654,-0.92023,0.21289
-0.084015,0.657,-0.92508,0.18406
-0.11527,0.66,-0.92978,0.15451
-0.14698,0.663,-0.93433,0.12434
-0.17904,0.666,-0.93873,0.093691
-0.21132,0.669,-0.94299,0.062667
-0.2437,0.672,-0.9471,0.031395
-0.27606,0.675,-0.95106,2.7555e-16
-0.30826,0.678,-0.95486,-0.031395
-0.34019,0.681,-0.95852,-0.062667
-0.37172,0.684,-0.96203,-0.093691
-0.40273,0.687,-0.96538,-0.12434
-0.43309,0.69,-0.96858,-0.15451
-0.46269,0.693,-0.97163,-0.18406
-0.49142,0.696,-0.97453,-0.21289
-0.51914,0.699,-0.97727,-0.24088
-0.54577,0.702,-0.97986,-0.26791
-0.57118,0.705,-0.98229,-0.29389
-0.59528,0.708,-0.98456,-0.31871
-0.61796,0.711,-0.98669,-0.34227
-0.63914,0.714,-0.98865,-0.36448
-0.65872,0.717,-0.99046,-0.38526
-0.67662,0.72,-0.99211,-0.40451
-0.69278,0.723,-0.99361,-0.42216
-0.7071,0.726,-0.99495,-0.43815
-0.71955,0.729,-0.99613,-0.45241
-0.73005,0.732,-0.99716,-0.46489
-0.73855,0.735,-0.99803,-0.47553
-0.74503,0.738,-0.99874,-0.48429
-0.74943,0.741,-0.99929,-0.49114
-0.75174,0.744,-0.99968,-0.49606
-0.75193,0.747,-0.99992,-0.49901
-0.75,0.75,-1,-0.5
-0.74593,0.753,-0.99992,-0.49901
-0.73974,0.756,-0.99968,-0.49606
-0.73143,0.759,-0.99929,-0.49114
-0.72103,0.762,-0.99874,-0.48429
-0.70855,0.765,-0.99803,-0.47553
-0.69405,0.768,-0.99716,-0.46489
-0.67755,0.771,-0.99613,-0.45241
-0.6591,0.774,-0.99495,-0.43815
-0.63878,0.777,-0.99361,-0.42216
-0.61662,0.78,-0.99211,-0.40451
-0.59272,0.783,-0.99046,-0.38526
-0.56714,0.786,-0.98865,-0.36448
-0.53996,0.789,-0.98669,-0.34227
-0.51128,0.792,-0.98456,-0.31871
-0.48118,0.795,-0.98229,-0.29389
-0.44977,0.798,-0.97986,-0.26791
-0.41714,0.801,-0.97727,-0.24088
-0.38342,0.804,-0.97453,-0.21289
-0.34869,0.807,-0.97163,-0.18406
-0.31309,0.81,-0.96858,-0.15451
-0.27673,0.813,-0.96538,-0.12434
-0.23972,0.816,-0.96203,-0.093691
-0.20219,0.819,-0.95852,-0.062667
-0.16426,0.822,-0.95486,-0.031395
-0.12606,0.825,-0.95106,5.514e-16
-0.087703,0.828,-0.9471,0.031395
-0.049324,0.831,-0.94299,0.062667
-0.011043,0.834,-0.93873,0.093691
0.027016,0.837,-0.93433,0.12434
0.064732,0.84,-0.92978,0.15451
0.10199,0.843,-0.92508,0.18406
0.13866,0.846,-0.92023,0.21289
0.17464,0.849,-0.91524,0.24088
0.20981,0.852,-0.91011,0.26791
0.24407,0.855,-0.90483,0.29389
0.27731,0.858,-0.89941,0.31871
0.30943,0.861,-0.89384,0.34227
0.34035,0.864,-0.88814,0.36448
0.36997,0.867,-0.88229,0.38526
0.3982,0.87,-0.87631,0.40451
0.42498,0.873,-0.87018,0.42216
0.45023,0.876,-0.86392,0.43815
0.47389,0.879,-0.85753,0.45241
0.49589,0.882,-0.85099,0.46489
0.5162,0.885,-0.84433,0.47553
0.53476,0.888,-0.83753,0.48429
0.55155,0.891,-0.8306,0.49114
0.56652,0.894,-0.82353,0.49606
0.57967,0.897,-0.81634,0.49901
0.59098,0.9,-0.80902,0.5
0.60045,0.903,-0.80157,0.49901
0.60807,0.906,-0.79399,0.49606
0.61386,0.909,-0.78629,0.49114
0.61783,0.912,-0.77846,0.48429
0.62002,0.915,-0.77051,0.47553
0.62045,0.918,-0.76244,0.46489
0.61916,0.921,-0.75425,0.45241
0.61621,0.924,-0.74594,0.43815
0.61165,0.927,-0.73751,0.42216
0.60554,0.93,-0.72897,0.40451
0.59795,0.933,-0.72031,0.38526
0.58895,0.936,-0.71154,0.36448
0.57862,0.939,-0.70265,0.34227
0.56706,0.942,-0.69365,0.31871
0.55435,0.945,-0.68455,0.29389
0.54058,0.948,-0.67533,0.26791
0.52586,0.951,-0.66601,0.24088
0.5103,0.954,-0.65659,0.21289
0.49401,0.957,-0.64706,0.18406
0.47708,0.96,-0.63742,0.15451
0.45965,0.963,-0.62769,0.12434
0.44183,0.966,-0.61786,0.093691
0.42374,0.969,-0.60793,0.062667
0.40549,0.972,-0.5979,0.031395
0.38721,0.975,-0.58779,-4.9017e-16
0.36903,0.978,-0.57757,-0.031395
0.35106,0.981,-0.56727,-0.062667
0.33343,0.984,-0.55688,-0.093691
0.31626,0.987,-0.54639,-0.12434
0.29966,0.99,-0.53583,-0.15451
0.28376,0.993,-0.52517,-0.18406
0.26867,0.996,-0.51444,-0.21289
0.2545,0.999,-0.50362,-0.24088
0.24136,1.002,-0.49273,-0.26791
0.22935,1.005,-0.48175,-0.29389
0.21858,1.008,-0.4707,-0.31871
0.20915,1.011,-0.45958,-0.34227
0.20113,1.014,-0.44838,-0.36448
0.19463,1.017,-0.43712,-0.38526
0.18971,1.02,-0.42578,-0.40451
0.18646,1.023,-0.41438,-0.42216
0.18494,1.026,-0.40291,-0.43815
0.18521,1.029,-0.39137,-0.45241
0.18733,1.032,-0.37978,-0.46489
0.19135,1.035,-0.36812,-0.47553
0.1973,1.038,-0.35641,-0.48429
0.20521,1.041,-0.34464,-0.49114
0.21512,1.044,-0.33282,-0.49606
0.22704,1.047,-0.32094,-0.49901
0.24098,1.05,-0.30902,-0.5
0.25695,1.053,-0.29704,-0.49901
0.27492,1.056,-0.28502,-0.49606
0.2949,1.059,-0.27295,-0.49114
0.31687,1.062,-0.26084,-0.48429
0.34078,1.065,-0.24869,-0.47553
0.36661,1.068,-0.2365,-0.46489
0.39432,1.071,-0.22427,-0.45241
0.42384,1.074,-0.21201,-0.43815
0.45513,1.077,-0.19971,-0.42216
0.48811,1.08,-0.18738,-0.40451
0.52272,1.083,-0.17502,-0.38526
0.55888,1.086,-0.16264,-0.36448
0.5965,1.089,-0.15023,-0.34227
0.6355,1.092,-0.13779,-0.31871
0.67577,1.095,-0.12533,-0.29389
0.71723,1.098,-0.11286,-0.26791
0.75976,1.101,-0.10036,-0.24088
0.80326,1.104,-0.087851,-0.21289
0.84761,1.107,-0.075327,-0.18406
0.8927,1.11,-0.062791,-0.15451
0.93841,1.113,-0.050244,-0.12434
0.98462,1.116,-0.03769,-0.093691
1.0312,1.119,-0.02513,-0.062667
1.078,1.122,-0.012566,-0.031395
1.125,1.125,-1.837e-16,-1.3474e-15
1.172,1.128,0.012566,0.031395
1.2188,1.131,0.02513,0.062667
1.2654,1.134,0.03769,0.093691
1.3116,1.137,0.050244,0.12434
1.3573,1.14,0.062791,0.15451
1.4024,1.143,0.075327,0.18406
1.4467,1.146,0.087851,0.21289
1.4902,1.149,0.10036,0.24088
1.5328,1.152,0.11286,0.26791
1.5742,1.155,0.12533,0.29389
1.6145,1.158,0.13779,0.31871
1.6535,1.161,0.15023,0.34227
1.6911,1.164,0.16264,0.36448
1.7273,1.167,0.17502,0.38526
1.7619,1.17,0.18738,0.40451
1.7949,1.173,0.19971,0.42216
1.8262,1.176,0.21201,0.43815
1.8557,1.179,0.22427,0.45241
1.8834,1.182,0.2365,0.46489
1.9092,1.185,0.24869,0.47553
1.9331,1.188,0.26084,0.48429
1.9551,1.191,0.27295,0.49114
1.9751,1.194,0.28502,0.49606
1.9931,1.197,0.29704,0.49901
2.009,1.2,0.30902,0.5
2.023,1.203,0.32094,0.49901
2.0349,1.206,0.33282,0.49606
2.0448,1.209,0.34464,0.49114
2.0527,1.212,0.35641,0.48429
2.0587,1.215,0.36812,0.47553
2.0627,1.218,0.37978,0.46489
2.0648,1.221,0.39137,0.45241
2.0651,1.224,0.40291,0.43815
2.0635,1.227,0.41438,0.42216
2.0603,1.23,0.42578,0.40451
2.0554,1.233,0.43712,0.38526
2.0489,1.236,0.44838,0.36448
2.0409,1.239,0.45958,0.34227
2.0314,1.242,0.4707,0.31871
2.0206,1.245,0.48175,0.29389
2.0086,1.248,0.49273,0.26791
1.9955,1.251,0.50362,0.24088
1.9813,1.254,0.51444,0.21289
1.9662,1.257,0.52517,0.18406
1.9503,1.26,0.53583,0.15451
1.9337,1.263,0.54639,0.12434
1.9166,1.266,0.55688,0.093691
1.8989,1.269,0.56727,0.062667
1.881,1.272,0.57757,0.031395
1.8628,1.275,0.58779,1.4087e-15
1.8445,1.278,0.5979,-0.031395
1.8263,1.281,0.60793,-0.062667
1.8082,1.284,0.61786,-0.093691
1.7903,1.287,0.62769,-0.12434
1.7729,1.29,0.63742,-0.15451
1.756,1.293,0.64706,-0.18406
1.7397,1.296,0.65659,-0.21289
1.7241,1.299,0.66601,-0.24088
1.7094,1.302,0.67533,-0.26791
1.6957,1.305,0.68455,-0.29389
1.6829,1.308,0.69365,-0.31871
1.6714,1.311,0.70265,-0.34227
1.6611,1.314,0.71154,-0.36448
1.6521,1.317,0.72031,-0.38526
1.6445,1.32,0.72897,-0.40451
1.6383,1.323,0.73751,-0.42216
1.6338,1.326,0.74594,-0.43815
1.6308,1.329,0.75425,-0.45241
1.6296,1.332,0.76244,-0.46489
1.63,1.335,0.77051,-0.47553
1.6322,1.338,0.77846,-0.48429
1.6361,1.341,0.78629,-0.49114
1.6419,1.344,0.79399,-0.49606
1.6496,1.347,0.80157,-0.49901
1.659,1.35,0.80902,-0.5
1.6703,1.353,0.81634,-0.49901
1.6835,1.356,0.82353,-0.49606
1.6985,1.359,0.8306,-0.49114
1.7152,1.362,0.83753,-0.48429
1.7338,1.365,0.84433,-0.47553
1.7541,1.368,0.85099,-0.46489
1.7761,1.371,0.85753,-0.45241
1.7998,1.374,0.86392,-0.43815
1.825,1.377,0.87018,-0.42216
1.8518,1.38,0.87631,-0.40451
1.88,1.383,0.88229,-0.38526
1.9097,1.386,0.88814,-0.36448
1.9406,1.389,0.89384,-0.34227
1.9727,1.392,0.89941,-0.31871
2.0059,1.395,0.90483,-0.29389
2.0402,1.398,0.91011,-0.26791
2.0754,1.401,0.91524,-0.24088
2.1113,1.404,0.92023,-0.21289
2.148,1.407,0.92508,-0.18406
2.1853,1.41,0.92978,-0.15451
2.223,1.413,0.93433,-0.12434
2.261,1.416,0.93873,-0.093691
2.2993,1.419,0.94299,-0.062667
2.3377,1.422,0.9471,-0.031395
2.3761,1.425,0.95106,3.0647e-16
2.4143,1.428,0.95486,0.031395
2.4522,1.431,0.95852,0.062667
2.4897,1.434,0.96203,0.093691
2.5267,1.437,0.96538,0.12434
2.5631,1.44,0.96858,0.15451
2.5987,1.443,0.97163,0.18406
2.6334,1.446,0.97453,0.21289
2.6671,1.449,0.97727,0.24088
2.6998,1.452,0.97986,0.26791
2.7312,1.455,0.98229,0.29389
2.7613,1.458,0.98456,0.31871
2.79,1.461,0.98669,0.34227
2.8171,1.464,0.98865,0.36448
2.8427,1.467,0.99046,0.38526
2.8666,1.47,0.99211,0.40451
2.8888,1.473,0.99361,0.42216
2.9091,1.476,0.99495,0.43815
2.9275,1.479,0.99613,0.45241
2.944,1.482,0.99716,0.46489
2.9586,1.485,0.99803,0.47553
2.971,1.488,0.99874,0.48429
2.9814,1.491,0.99929,0.49114
2.9897,1.494,0.99968,0.49606
2.9959,1.497,0.99992,0.49901
3,1.5,1,0.5
3.0019,1.503,0.99992,0.49901
3.0017,1.506,0.99968,0.49606
2.9994,1.509,0.99929,0.49114
2.995,1.512,0.99874,0.48429
2.9886,1.515,0.99803,0.47553
2.98,1.518,0.99716,0.46489
2.9695,1.521,0.99613,0.45241
2.9571,1.524,0.99495,0.43815
2.9428,1.527,0.99361,0.42216
2.9266,1.53,0.99211,0.40451
2.9087,1.533,0.99046,0.38526
2.8891,1.536,0.98865,0.36448
2.868,1.539,0.98669,0.34227
2.8453,1.542,0.98456,0.31871
2.8212,1.545,0.98229,0.29389
2.7958,1.548,0.97986,0.26791
2.7691,1.551,0.97727,0.24088
2.7414,1.554,0.97453,0.21289
2.7127,1.557,0.97163,0.18406
2.6831,1.56,0.96858,0.15451
2.6527,1.563,0.96538,0.12434
2.6217,1.566,0.96203,0.093691
2.5902,1.569,0.95852,0.062667
2.5583,1.572,0.95486,0.031395
2.5261,1.575,0.95106,-2.4524e-16
2.4937,1.578,0.9471,-0.031395
2.4613,1.581,0.94299,-0.062667
2.429,1.584,0.93873,-0.093691
2.397,1.587,0.93433,-0.12434
2.3653,1.59,0.92978,-0.15451
2.334,1.593,0.92508,-0.18406
2.3033,1.596,0.92023,-0.21289
2.2734,1.599,0.91524,-0.24088
2.2442,1.602,0.91011,-0.26791
2.2159,1.605,0.90483,-0.29389
2.1887,1.608,0.89941,-0.31871
2.1626,1.611,0.89384,-0.34227
2.1377,1.614,0.88814,-0.36448
2.114,1.617,0.88229,-0.38526
2.0918,1.62,0.87631,-0.40451
2.071,1.623,0.87018,-0.42216
2.0518,1.626,0.86392,-0.43815
2.0341,1.629,0.85753,-0.45241
2.0181,1.632,0.85099,-0.46489
2.0038,1.635,0.84433,-0.47553
1.9912,1.638,0.83753,-0.48429
1.9805,1.641,0.8306,-0.49114
1.9715,1.644,0.82353,-0.49606
1.9643,1.647,0.81634,-0.49901
1.959,1.65,0.80902,-0.5
1.9556,1.653,0.80157,-0.49901
1.9539,1.656,0.79399,-0.49606
1.9541,1.659,0.78629,-0.49114
1.9562,1.662,0.77846,-0.48429
1.96,1.665,0.77051,-0.47553
1.9656,1.668,0.76244,-0.46489
1.9728,1.671,0.75425,-0.45241
1.9818,1.674,0.74594,-0.43815
1.9923,1.677,0.73751,-0.42216
2.0045,1.68,0.72897,-0.40451
2.0181,1.683,0.72031,-0.38526
2.0331,1.686,0.71154,-0.36448
2.0494,1.689,0.70265,-0.34227
2.0669,1.692,0.69365,-0.31871
2.0857,1.695,0.68455,-0.29389
2.1054,1.698,0.67533,-0.26791
2.1261,1.701,0.66601,-0.24088
2.1477,1.704,0.65659,-0.21289
2.17,1.707,0.64706,-0.18406
2.1929,1.71,0.63742,-0.15451
2.2163,1.713,0.62769,-0.12434
2.2402,1.716,0.61786,-0.093691
2.2643,1.719,0.60793,-0.062667
2.2885,1.722,0.5979,-0.031395
2.3128,1.725,0.58779,1.9604e-15
2.337,1.728,0.57757,0.031395
2.3609,1.731,0.56727,0.062667
2.3846,1.734,0.55688,0.093691
2.4077,1.737,0.54639,0.12434
2.4303,1.74,0.53583,0.15451
2.4522,1.743,0.52517,0.18406
2.4733,1.746,0.51444,0.21289
2.4935,1.749,0.50362,0.24088
2.5126,1.752,0.49273,0.26791
2.5306,1.755,0.48175,0.29389
2.5474,1.758,0.4707,0.31871
2.5629,1.761,0.45958,0.34227
2.5769,1.764,0.44838,0.36448
2.5894,1.767,0.43712,0.38526
2.6003,1.77,0.42578,0.40451
2.6095,1.773,0.41438,0.42216
2.6171,1.776,0.40291,0.43815
2.6228,1.779,0.39137,0.45241
2.6267,1.782,0.37978,0.46489
2.6287,1.785,0.36812,0.47553
2.6287,1.788,0.35641,0.48429
2.6268,1.791,0.34464,0.49114
2.6229,1.794,0.33282,0.49606
2.617,1.797,0.32094,0.49901
2.609,1.8,0.30902,0.5
2.5991,1.803,0.29704,0.49901
2.5871,1.806,0.28502,0.49606
2.5731,1.809,0.27295,0.49114
2.5571,1.812,0.26084,0.48429
2.5392,1.815,0.24869,0.47553
2.5194,1.818,0.2365,0.46489
2.4977,1.821,0.22427,0.45241
2.4742,1.824,0.21201,0.43815
2.4489,1.827,0.19971,0.42216
2.4219,1.83,0.18738,0.40451
2.3933,1.833,0.17502,0.38526
2.3631,1.836,0.16264,0.36448
2.3315,1.839,0.15023,0.34227
2.2985,1.842,0.13779,0.31871
2.2642,1.845,0.12533,0.29389
2.2288,1.848,0.11286,0.26791
2.1922,1.851,0.10036,0.24088
2.1547,1.854,0.087851,0.21289
2.1164,1.857,0.075327,0.18406
2.0773,1.86,0.062791,0.15451
2.0376,1.863,0.050244,0.12434
1.9974,1.866,0.03769,0.093691
1.9568,1.869,0.02513,0.062667
1.916,1.872,0.012566,0.031395
1.875,1.875,3.0616e-16,-1.2277e-16
1.834,1.878,-0.012566,-0.031395
1.7932,1.881,-0.02513,-0.062667
1.7526,1.884,-0.03769,-0.093691
1.7124,1.887,-0.050244,-0.12434
1.6727,1.89,-0.062791,-0.15451
1.6336,1.893,-0.075327,-0.18406
1.5953,1.896,-0.087851,-0.21289
1.5578,1.899,-0.10036,-0.24088
1.5212,1.902,-0.11286,-0.26791
1.4858,1.905,-0.12533,-0.29389
1.4515,1.908,-0.13779,-0.31871
1.4185,1.911,-0.15023,-0.34227
1.3869,1.914,-0.16264,-0.36448
1.3567,1.917,-0.17502,-0.38526
1.3281,1.92,-0.18738,-0.40451
1.3011,1.923,-0.19971,-0.42216
1.2758,1.926,-0.21201,-0.43815
1.2523,1.929,-0.22427,-0.45241
1.2306,1.932,-0.2365,-0.46489
1.2108,1.935,-0.24869,-0.47553
1.1929,1.938,-0.26084,-0.48429
1.1769,1.941,-0.27295,-0.49114
1.1629,1.944,-0.28502,-0.49606
1.1509,1.947,-0.29704,-0.49901
1.141,1.95,-0.30902,-0.5
1.133,1.953,-0.32094,-0.49901
1.1271,1.956,-0.33282,-0.49606
1.1232,1.959,-0.34464,-0.49114
1.1213,1.962,-0.35641,-0.48429
1.1213,1.965,-0.36812,-0.47553
1.1233,1.968,-0.37978,-0.46489
1.1272,1.971,-0.39137,-0.45241
1.1329,1.974,-0.40291,-0.43815
1.1405,1.977,-0.41438,-0.42216
1.1497,1.98,-0.42578,-0.40451
1.1606,1.983,-0.43712,-0.38526
1.1731,1.986,-0.44838,-0.36448
1.1871,1.989,-0.45958,-0.34227
1.2026,1.992,-0.4707,-0.31871
1.2194,1.995,-0.48175,-0.29389
1.2374,1.998,-0.49273,-0.26791
1.2565,2.001,-0.50362,-0.24088
1.2767,2.004,-0.51444,-0.21289
1.2978,2.007,-0.52517,-0.18406
1.3197,2.01,-0.53583,-0.15451
1.3423,2.013,-0.54639,-0.12434
1.3654,2.016,-0.55688,-0.093691
1.3891,2.019,-0.56727,-0.062667
1.413,2.022,-0.57757,-0.031395
1.4372,2.025,-0.58779,1.8379e-15
1.4615,2.028,-0.5979,0.031395
1.4857,2.031,-0.60793,0.062667
1.5098,2.034,-0.61786,0.093691
1.5337,2.037,-0.62769,0.12434
1.5571,2.04,-0.63742,0.15451
1.58,2.043,-0.64706,0.18406
1.6023,2.046,-0.65659,0.21289
1.6239,2.049,-0.66601,0.24088
1.6446,2.052,-0.67533,0.26791
1.6643,2.055,-0.68455,0.29389
1.6831,2.058,-0.69365,0.31871
1.7006,2.061,-0.70265,0.34227
1.7169,2.064,-0.71154,0.36448
1.7319,2.067,-0.72031,0.38526
1.7455,2.07,-0.72897,0.40451
1.7577,2.073,-0.73751,0.42216
1.7682,2.076,-0.74594,0.43815
1.7772,2.079,-0.75425,0.45241
1.7844,2.082,-0.76244,0.46489
1.79,2.085,-0.77051,0.47553
1.7938,2.088,-0.77846,0.48429
1.7959,2.091,-0.78629,0.49114
1.7961,2.094,-0.79399,0.49606
1.7944,2.097,-0.80157,0.49901
1.791,2.1,-0.80902,0.5
1.7857,2.103,-0.81634,0.49901
1.7785,2.106,-0.82353,0.49606
1.7695,2.109,-0.8306,0.49114
1.7588,2.112,-0.83753,0.48429
1.7462,2.115,-0.84433,0.47553
1.7319,2.118,-0.85099,0.46489
1.7159,2.121,-0.85753,0.45241
1.6982,2.124,-0.86392,0.43815
1.679,2.127,-0.87018,0.42216
1.6582,2.13,-0.87631,0.40451
1.636,2.133,-0.88229,0.38526
1.6123,2.136,-0.88814,0.36448
1.5874,2.139,-0.89384,0.34227
1.5613,2.142,-0.89941,0.31871
1.5341,2.145,-0.90483,0.29389
1.5058,2.148,-0.91011,0.26791
1.4766,2.151,-0.91524,0.24088
1.4467,2.154,-0.92023,0.21289
1.416,2.157,-0.92508,0.18406
1.3847,2.16,-0.92978,0.15451
1.353,2.163,-0.93433,0.12434
1.321,2.166,-0.93873,0.093691
1.2887,2.169,-0.94299,0.062667
1.2563,2.172,-0.9471,0.031395
1.2239,2.175,-0.95106,-3.0949e-19
1.1917,2.178,-0.95486,-0.031395
1.1598,2.181,-0.95852,-0.062667
1.1283,2.184,-0.96203,-0.093691
1.0973,2.187,-0.96538,-0.12434
1.0669,2.19,-0.96858,-0.15451
1.0373,2.193,-0.97163,-0.18406
1.0086,2.196,-0.97453,-0.21289
0.98086,2.199,-0.97727,-0.24088
0.95423,2.202,-0.97986,-0.26791
0.92882,2.205,-0.98229,-0.29389
0.90472,2.208,-0.98456,-0.31871
0.88204,2.211,-0.98669,-0.34227
0.86086,2.214,-0.98865,-0.36448
0.84128,2.217,-0.99046,-0.38526
0.82338,2.22,-0.99211,-0.40451
0.80722,2.223,-0.99361,-0.42216
0.7929,2.226,-0.99495,-0.43815
0.78045,2.229,-0.99613,-0.45241
0.76995,2.232,-0.99716,-0.46489
0.76145,2.235,-0.99803,-0.47553
0.75497,2.238,-0.99874,-0.48429
0.75057,2.241,-0.99929,-0.49114
0.74826,2.244,-0.99968,-0.49606
0.74807,2.247,-0.99992,-0.49901
0.75,2.25,-1,-0.5
0.75407,2.253,-0.99992,-0.49901
0.76026,2.256,-0.99968,-0.49606
0.76857,2.259,-0.99929,-0.49114
0.77897,2.262,-0.99874,-0.48429
0.79145,2.265,-0.99803,-0.47553
0.80595,2.268,-0.99716,-0.46489
0.82245,2.271,-0.99613,-0.45241
0.8409,2.274,-0.99495,-0.43815
0.86122,2.277,-0.99361,-0.42216
0.88338,2.28,-0.99211,-0.40451
0.90728,2.283,-0.99046,-0.38526
0.93286,2.286,-0.98865,-0.36448
0.96004,2.289,-0.98669,-0.34227
0.98872,2.292,-0.98456,-0.31871
1.0188,2.295,-0.98229,-0.29389
1.0502,2.298,-0.97986,-0.26791
1.0829,2.301,-0.97727,-0.24088
1.1166,2.304,-0.97453,-0.21289
1.1513,2.307,-0.97163,-0.18406
1.1869,2.31,-0.96858,-0.15451
1.2233,2.313,-0.96538,-0.12434
1.2603,2.316,-0.96203,-0.093691
1.2978,2.319,-0.95852,-0.062667
1.3357,2.322,-0.95486,-0.031395
1.3739,2.325,-0.95106,-1.8373e-15
1.4123,2.328,-0.9471,0.031395
1.4507,2.331,-0.94299,0.062667
1.489,2.334,-0.93873,0.093691
1.527,2.337,-0.93433,0.12434
1.5647,2.34,-0.92978,0.15451
1.602,2.343,-0.92508,0.18406
1.6387,2.346,-0.92023,0.21289
1.6746,2.349,-0.91524,0.24088
1.7098,2.352,-0.91011,0.26791
1.7441,2.355,-0.90483,0.29389
1.7773,2.358,-0.89941,0.31871
1.8094,2.361,-0.89384,0.34227
1.8403,2.364,-0.88814,0.36448
1.87,2.367,-0.88229,0.38526
1.8982,2.37,-0.87631,0.40451
1.925,2.373,-0.87018,0.42216
1.9502,2.376,-0.86392,0.43815
1.9739,2.379,-0.85753,0.45241
1.9959,2.382,-0.85099,0.46489
2.0162,2.385,-0.84433,0.47553
2.0348,2.388,-0.83753,0.48429
2.0515,2.391,-0.8306,0.49114
2.0665,2.394,-0.82353,0.49606
2.0797,2.397,-0.81634,0.49901
2.091,2.4,-0.80902,0.5
2.1004,2.403,-0.80157,0.49901
2.1081,2.406,-0.79399,0.49606
2.1139,2.409,-0.78629,0.49114
2.1178,2.412,-0.77846,0.48429
2.12,2.415,-0.77051,0.47553
2.1204,2.418,-0.76244,0.46489
2.1192,2.421,-0.75425,0.45241
2.1162,2.424,-0.74594,0.43815
2.1117,2.427,-0.73751,0.42216
2.1055,2.43,-0.72897,0.40451
2.0979,2.433,-0.72031,0.38526
2.0889,2.436,-0.71154,0.36448
2.0786,2.439,-0.70265,0.34227
2.0671,2.442,-0.69365,0.31871
2.0543,2.445,-0.68455,0.29389
2.0406,2.448,-0.67533,0.26791
2.0259,2.451,-0.66601,0.24088
2.0103,2.454,-0.65659,0.21289
1.994,2.457,-0.64706,0.18406
1.9771,2.46,-0.63742,0.15451
1.9597,2.463,-0.62769,0.12434
1.9418,2.466,-0.61786,0.093691
1.9237,2.469,-0.60793,0.062667
1.9055,2.472,-0.5979,0.031395
1.8872,2.475,-0.58779,1.2216e-16
1.869,2.478,-0.57757,-0.031395
1.8511,2.481,-0.56727,-0.062667
1.8334,2.484,-0.55688,-0.093691
1.8163,2.487,-0.54639,-0.12434
1.7997,2.49,-0.53583,-0.15451
1.7838,2.493,-0.52517,-0.18406
1.7687,2.496,-0.51444,-0.21289
1.7545,2.499,-0.50362,-0.24088
1.7414,2.502,-0.49273,-0.26791
1.7294,2.505,-0.48175,-0.29389
1.7186,2.508,-0.4707,-0.31871
1.7091,2.511,-0.45958,-0.34227
1.7011,2.514,-0.44838,-0.36448
1.6946,2.517,-0.43712,-0.38526
1.6897,2.52,-0.42578,-0.40451
1.6865,2.523,-0.41438,-0.42216
1.6849,2.526,-0.40291,-0.43815
1.6852,2.529,-0.39137,-0.45241
1.6873,2.532,-0.37978,-0.46489
1.6913,2.535,-0.36812,-0.47553
1.6973,2.538,-0.35641,-0.48429
1.7052,2.541,-0.34464,-0.49114
1.7151,2.544,-0.33282,-0.49606
1.727,2.547,-0.32094,-0.49901
1.741,2.55,-0.30902,-0.5
1.7569,2.553,-0.29704,-0.49901
1.7749,2.556,-0.28502,-0.49606
1.7949,2.559,-0.27295,-0.49114
1.8169,2.562,-0.26084,-0.48429
1.8408,2.565,-0.24869,-0.47553
1.8666,2.568,-0.2365,-0.46489
1.8943,2.571,-0.22427,-0.45241
1.9238,2.574,-0.21201,-0.43815
1.9551,2.577,-0.19971,-0.42216
1.9881,2.58,-0.18738,-0.40451
2.0227,2.583,-0.17502,-0.38526
2.0589,2.586,-0.16264,-0.36448
2.0965,2.589,-0.15023,-0.34227
2.1355,2.592,-0.13779,-0.31871
2.1758,2.595,-0.12533,-0.29389
2.2172,2.598,-0.11286,-0.26791
2.2598,2.601,-0.10036,-0.24088
2.3033,2.604,-0.087851,-0.21289
2.3476,2.607,-0.075327,-0.18406
2.3927,2.61,-0.062791,-0.15451
2.4384,2.613,-0.050244,-0.12434
2.4846,2.616,-0.03769,-0.093691
2.5312,2.619,-0.02513,-0.062667
2.578,2.622,-0.012566,-0.031395
2.625,2.625,-4.2863e-16,-1.9597e-15
2.672,2.628,0.012566,0.031395
2.7188,2.631,0.02513,0.062667
2.7654,2.634,0.03769,0.093691
2.8116,2.637,0.050244,0.12434
2.8573,2.64,0.062791,0.15451
2.9024,2.643,0.075327,0.18406
2.9467,2.646,0.087851,0.21289
2.9902,2.649,0.10036,0.24088
3.0328,2.652,0.11286,0.26791
3.0742,2.655,0.12533,0.29389
3.1145,2.658,0.13779,0.31871
3.1535,2.661,0.15023,0.34227
3.1911,2.664,0.16264,0.36448
3.2273,2.667,0.17502,0.38526
3.2619,2.67,0.18738,0.40451
3.2949,2.673,0.19971,0.42216
3.3262,2.676,0.21201,0.43815
3.3557,2.679,0.22427,0.45241
3.3834,2.682,0.2365,0.46489
3.4092,2.685,0.24869,0.47553
3.4331,2.688,0.26084,0.48429
3.4551,2.691,0.27295,0.49114
3.4751,2.694,0.28502,0.49606
3.4931,2.697,0.29704,0.49901
3.509,2.7,0.30902,0.5
3.523,2.703,0.32094,0.49901
3.5349,2.706,0.33282,0.49606
3.5448,2.709,0.34464,0.49114
3.5527,2.712,0.35641,0.48429
3.5587,2.715,0.36812,0.47553
3.5627,2.718,0.37978,0.46489
3.5648,2.721,0.39137,0.45241
3.5651,2.724,0.40291,0.43815
3.5635,2.727,0.41438,0.42216
3.5603,2.73,0.42578,0.40451
3.5554,2.733,0.43712,0.38526
3.5489,2.736,0.44838,0.36448
3.5409,2.739,0.45958,0.34227
3.5314,2.742,0.4707,0.31871
3.5206,2.745,0.48175,0.29389
3.5086,2.748,0.49273,0.26791
3.4955,2.751,0.50362,0.24088
3.4813,2.754,0.51444,0.21289
3.4662,2.757,0.52517,0.18406
3.4503,2.76,0.53583,0.15451
3.4337,2.763,0.54639,0.12434
3.4166,2.766,0.55688,0.093691
3.3989,2.769,0.56727,0.062667
3.381,2.772,0.57757,0.031395
3.3628,2.775,0.58779,2.4462e-16
3.3445,2.778,0.5979,-0.031395
3.3263,2.781,0.60793,-0.062667
3.3082,2.784,0.61786,-0.093691
3.2903,2.787,0.62769,-0.12434
3.2729,2.79,0.63742,-0.15451
3.256,2.793,0.64706,-0.18406
3.2397,2.796,0.65659,-0.21289
3.2241,2.799,0.66601,-0.24088
3.2094,2.802,0.67533,-0.26791
3.1957,2.805,0.68455,-0.29389
3.1829,2.808,0.69365,-0.31871
3.1714,2.811,0.70265,-0.34227
3.1611,2.814,0.71154,-0.36448
3.1521,2.817,0.72031,-0.38526
3.1445,2.82,0.72897,-0.40451
3.1383,2.823,0.73751,-0.42216
3.1338,2.826,0.74594,-0.43815
3.1308,2.829,0.75425,-0.45241
3.1296,2.832,0.76244,-0.46489
3.13,2.835,0.77051,-0.47553
3.1322,2.838,0.77846,-0.48429
3.1361,2.841,0.78629,-0.49114
3.1419,2.844,0.79399,-0.49606
3.1496,2.847,0.80157,-0.49901
3.159,2.85,0.80902,-0.5
3.1703,2.853,0.81634,-0.49901
3.1835,2.856,0.82353,-0.49606
3.1985,2.859,0.8306,-0.49114
3.2152,2.862,0.83753,-0.48429
3.2338,2.865,0.84433,-0.47553
3.2541,2.868,0.85099,-0.46489
3.2761,2.871,0.85753,-0.45241
3.2998,2.874,0.86392,-0.43815
3.325,2.877,0.87018,-0.42216
3.3518,2.88,0.87631,-0.40451
3.38,2.883,0.88229,-0.38526
3.4097,2.886,0.88814,-0.36448
3.4406,2.889,0.89384,-0.34227
3.4727,2.892,0.89941,-0.31871
3.5059,2.895,0.90483,-0.29389
3.5402,2.898,0.91011,-0.26791
3.5754,2.901,0.91524,-0.24088
3.6113,2.904,0.92023,-0.21289
3.648,2.907,0.92508,-0.18406
3.6853,2.91,0.92978,-0.15451
3.723,2.913,0.93433,-0.12434
3.761,2.916,0.93873,-0.093691
3.7993,2.919,0.94299,-0.062667
3.8377,2.922,0.9471,-0.031395
3.8761,2.925,0.95106,-2.0822e-15
3.9143,2.928,0.95486,0.031395
3.9522,2.931,0.95852,0.062667
3.9897,2.934,0.96203,0.093691
4.0267,2.937,0.96538,0.12434
4.0631,2.94,0.96858,0.15451
4.0987,2.943,0.97163,0.18406
4.1334,2.946,0.97453,0.21289
4.1671,2.949,0.97727,0.24088
4.1998,2.952,0.97986,0.26791
4.2312,2.955,0.98229,0.29389
4.2613,2.958,0.98456,0.31871
4.29,2.961,0.98669,0.34227
4.3171,2.964,0.98865,0.36448
4.3427,2.967,0.99046,0.38526
4.3666,2.97,0.99211,0.40451
4.3888,2.973,0.99361,0.42216
4.4091,2.976,0.99495,0.43815
4.4275,2.979,0.99613,0.45241
4.444,2.982,0.99716,0.46489
4.4586,2.985,0.99803,0.47553
4.471,2.988,0.99874,0.48429
4.4814,2.991,0.99929,0.49114
4.4897,2.994,0.99968,0.49606
4.4959,2.997,0.99992,0.49901
4.5,3,1,0.5
4.5019,3.003,0.99992,0.49901
4.5017,3.006,0.99968,0.49606
4.4994,3.009,0.99929,0.49114
4.495,3.012,0.99874,0.48429
4.4886,3.015,0.99803,0.47553
4.48,3.018,0.99716,0.46489
4.4695,3.021,0.99613,0.45241
4.4571,3.024,0.99495,0.43815
4.4428,3.027,0.99361,0.42216
4.4266,3.03,0.99211,0.40451
4.4087,3.033,0.99046,0.38526
4.3891,3.036,0.98865,0.36448
4.368,3.039,0.98669,0.34227
4.3453,3.042,0.98456,0.31871
4.3212,3.045,0.98229,0.29389
4.2958,3.048,0.97986,0.26791
4.2691,3.051,0.97727,0.24088
4.2414,3.054,0.97453,0.21289
4.2127,3.057,0.97163,0.18406
4.1831,3.06,0.96858,0.15451
4.1527,3.063,0.96538,0.12434
4.1217,3.066,0.96203,0.093691
4.0902,3.069,0.95852,0.062667
4.0583,3.072,0.95486,0.031395
4.0261,3.075,0.95106,3.9198e-15
3.9937,3.078,0.9471,-0.031395
3.9613,3.081,0.94299,-0.062667
3.929,3.084,0.93873,-0.093691
3.897,3.087,0.93433,-0.12434
3.8653,3.09,0.92978,-0.15451
3.834,3.093,0.92508,-0.18406
3.8033,3.096,0.92023,-0.21289
3.7734,3.099,0.91524,-0.24088
3.7442,3.102,0.91011,-0.26791
3.7159,3.105,0.90483,-0.29389
3.6887,3.108,0.89941,-0.31871
3.6626,3.111,0.89384,-0.34227
3.6377,3.114,0.88814,-0.36448
3.614,3.117,0.88229,-0.38526
3.5918,3.12,0.87631,-0.40451
3.571,3.123,0.87018,-0.42216
3.5518,3.126,0.86392,-0.43815
3.5341,3.129,0.85753,-0.45241
3.5181,3.132,0.85099,-0.46489
3.5038,3.135,0.84433,-0.47553
3.4912,3.138,0.83753,-0.48429
3.4805,3.141,0.8306,-0.49114
3.4715,3.144,0.82353,-0.49606
3.4643,3.147,0.81634,-0.49901
3.459,3.15,0.80902,-0.5
3.4556,3.153,0.80157,-0.49901
3.4539,3.156,0.79399,-0.49606
3.4541,3.159,0.78629,-0.49114
3.4562,3.162,0.77846,-0.48429
3.46,3.165,0.77051,-0.47553
3.4656,3.168,0.76244,-0.46489
3.4728,3.171,0.75425,-0.45241
3.4818,3.174,0.74594,-0.43815
3.4923,3.177,0.73751,-0.42216
3.5045,3.18,0.72897,-0.40451
3.5181,3.183,0.72031,-0.38526
3.5331,3.186,0.71154,-0.36448
3.5494,3.189,0.70265,-0.34227
3.5669,3.192,0.69365,-0.31871
3.5857,3.195,0.68455,-0.29389
3.6054,3.198,0.67533,-0.26791
3.6261,3.201,0.66601,-0.24088
3.6477,3.204,0.65659,-0.21289
3.67,3.207,0.64706,-0.18406
3.6929,3.21,0.63742,-0.15451
3.7163,3.213,0.62769,-0.12434
3.7402,3.216,0.61786,-0.093691
3.7643,3.219,0.60793,-0.062667
3.7885,3.222,0.5979,-0.031395
3.8128,3.225,0.58779,-2.2047e-15
3.837,3.228,0.57757,0.031395
3.8609,3.231,0.56727,0.062667
3.8846,3.234,0.55688,0.093691
3.9077,3.237,0.54639,0.12434
3.9303,3.24,0.53583,0.15451
3.9522,3.243,0.52517,0.18406
3.9733,3.246,0.51444,0.21289
3.9935,3.249,0.50362,0.24088
4.0126,3.252,0.49273,0.26791
4.0306,3.255,0.48175,0.29389
4.0474,3.258,0.4707,0.31871
4.0629,3.261,0.45958,0.34227
4.0769,3.264,0.44838,0.36448
4.0894,3.267,0.43712,0.38526
4.1003,3.27,0.42578,0.40451
4.1095,3.273,0.41438,0.42216
4.1171,3.276,0.40291,0.43815
4.1228,3.279,0.39137,0.45241
4.1267,3.282,0.37978,0.46489
4.1287,3.285,0.36812,0.47553
4.1287,3.288,0.35641,0.48429
4.1268,3.291,0.34464,0.49114
4.1229,3.294,0.33282,0.49606
4.117,3.297,0.32094,0.49901
4.109,3.3,0.30902,0.5
4.0991,3.303,0.29704,0.49901
4.0871,3.306,0.28502,0.49606
4.0731,3.309,0.27295,0.49114
4.0571,3.312,0.26084,0.48429
4.0392,3.315,0.24869,0.47553
4.0194,3.318,0.2365,0.46489
3.9977,3.321,0.22427,0.45241
3.9742,3.324,0.21201,0.43815
3.9489,3.327,0.19971,0.42216
3.9219,3.33,0.18738,0.40451
3.8933,3.333,0.17502,0.38526
3.8631,3.336,0.16264,0.36448
3.8315,3.339,0.15023,0.34227
3.7985,3.342,0.13779,0.31871
3.7642,3.345,0.12533,0.29389
3.7288,3.348,0.11286,0.26791
3.6922,3.351,0.10036,0.24088
3.6547,3.354,0.087851,0.21289
3.6164,3.357,0.075327,0.18406
3.5773,3.36,0.062791,0.15451
3.5376,3.363,0.050244,0.12434
3.4974,3.366,0.03769,0.093691
3.4568,3.369,0.02513,0.062667
3.416,3.372,0.012566,0.031395
3.375,3.375,5.5109e-16,4.8955e-16
3.334,3.378,-0.012566,-0.031395
3.2932,3.381,-0.02513,-0.062667
3.2526,3.384,-0.03769,-0.093691
3.2124,3.387,-0.050244,-0.12434
3.1727,3.39,-0.062791,-0.15451
3.1336,3.393,-0.075327,-0.18406
3.0953,3.396,-0.087851,-0.21289
3.0578,3.399,-0.10036,-0.24088
3.0212,3.402,-0.11286,-0.26791
2.9858,3.405,-0.12533,-0.29389
2.9515,3.408,-0.13779,-0.31871
2.9185,3.411,-0.15023,-0.34227
2.8869,3.414,-0.16264,-0.36448
2.8567,3.417,-0.17502,-0.38526
2.8281,3.42,-0.18738,-0.40451
2.8011,3.423,-0.19971,-0.42216
2.7758,3.426,-0.21201,-0.43815
2.7523,3.429,-0.22427,-0.45241
2.7306,3.432,-0.2365,-0.46489
2.7108,3.435,-0.24869,-0.47553
2.6929,3.438,-0.26084,-0.48429
2.6769,3.441,-0.27295,-0.49114
2.6629,3.444,-0.28502,-0.49606
2.6509,3.447,-0.29704,-0.49901
2.641,3.45,-0.30902,-0.5
2.633,3.453,-0.32094,-0.49901
2.6271,3.456,-0.33282,-0.49606
2.6232,3.459,-0.34464,-0.49114
2.6213,3.462,-0.35641,-0.48429
2.6213,3.465,-0.36812,-0.47553
2.6233,3.468,-0.37978,-0.46489
2.6272,3.471,-0.39137,-0.45241
2.6329,3.474,-0.40291,-0.43815
2.6405,3.477,-0.41438,-0.42216
2.6497,3.48,-0.42578,-0.40451
2.6606,3.483,-0.43712,-0.38526
2.6731,3.486,-0.44838,-0.36448
2.6871,3.489,-0.45958,-0.34227
2.7026,3.492,-0.4707,-0.31871
2.7194,3.495,-0.48175,-0.29389
2.7374,3.498,-0.49273,-0.26791
2.7565,3.501,-0.50362,-0.24088
2.7767,3.504,-0.51444,-0.21289
2.7978,3.507,-0.52517,-0.18406
2.8197,3.51,-0.53583,-0.15451
2.8423,3.513,-0.54639,-0.12434
2.8654,3.516,-0.55688,-0.093691
2.8891,3.519,-0.56727,-0.062667
2.913,3.522,-0.57757,-0.031395
2.9372,3.525,-0.58779,-5.8799e-15
2.9615,3.528,-0.5979,0.031395
2.9857,3.531,-0.60793,0.062667
3.0098,3.534,-0.61786,0.093691
3.0337,3.537,-0.62769,0.12434
3.0571,3.54,-0.63742,0.15451
3.08,3.543,-0.64706,0.18406
3.1023,3.546,-0.65659,0.21289
3.1239,3.549,-0.66601,0.24088
3.1446,3.552,-0.67533,0.26791
3.1643,3.555,-0.68455,0.29389
3.1831,3.558,-0.69365,0.31871
3.2006,3.561,-0.70265,0.34227
3.2169,3.564,-0.71154,0.36448
3.2319,3.567,-0.72031,0.38526
3.2455,3.57,-0.72897,0.40451
3.2577,3.573,-0.73751,0.42216
3.2682,3.576,-0.74594,0.43815
3.2772,3.579,-0.75425,0.45241
3.2844,3.582,-0.76244,0.46489
3.29,3.585,-0.77051,0.47553
3.2938,3.588,-0.77846,0.48429
3.2959,3.591,-0.78629,0.49114
3.2961,3.594,-0.79399,0.49606
3.2944,3.597,-0.80157,0.49901
3.291,3.6,-0.80902,0.5
3.2857,3.603,-0.81634,0.49901
3.2785,3.606,-0.82353,0.49606
3.2695,3.609,-0.8306,0.49114
3.2588,3.612,-0.83753,0.48429
3.2462,3.615,-0.84433,0.47553
3.2319,3.618,-0.85099,0.46489
3.2159,3.621,-0.85753,0.45241
3.1982,3.624,-0.86392,0.43815
3.179,3.627,-0.87018,0.42216
3.1582,3.63,-0.87631,0.40451
3.136,3.633,-0.88229,0.38526
3.1123,3.636,-0.88814,0.36448
3.0874,3.639,-0.89384,0.34227
3.0613,3.642,-0.89941,0.31871
3.0341,3.645,-0.90483,0.29389
3.0058,3.648,-0.91011,0.26791
2.9766,3.651,-0.91524,0.24088
2.9467,3.654,-0.92023,0.21289
2.916,3.657,-0.92508,0.18406
2.8847,3.66,-0.92978,0.15451
2.853,3.663,-0.93433,0.12434
2.821,3.666,-0.93873,0.093691
2.7887,3.669,-0.94299,0.062667
2.7563,3.672,-0.9471,0.031395
2.7239,3.675,-0.95106,-2.9407e-15
2.6917,3.678,-0.95486,-0.031395
2.6598,3.681,-0.95852,-0.062667
2.6283,3.684,-0.96203,-0.093691
2.5973,3.687,-0.96538,-0.12434
2.5669,3.69,-0.96858,-0.15451
2.5373,3.693,-0.97163,-0.18406
2.5086,3.696,-0.97453,-0.21289
2.4809,3.699,-0.97727,-0.24088
2.4542,3.702,-0.97986,-0.26791
2.4288,3.705,-0.98229,-0.29389
2.4047,3.708,-0.98456,-0.31871
2.382,3.711,-0.98669,-0.34227
2.3609,3.714,-0.98865,-0.36448
2.3413,3.717,-0.99046,-0.38526
2.3234,3.72,-0.99211,-0.40451
2.3072,3.723,-0.99361,-0.42216
2.2929,3.726,-0.99495,-0.43815
2.2805,3.729,-0.99613,-0.45241
2.27,3.732,-0.99716,-0.46489
2.2614,3.735,-0.99803,-0.47553
2.255,3.738,-0.99874,-0.48429
2.2506,3.741,-0.99929,-0.49114
2.2483,3.744,-0.99968,-0.49606
2.2481,3.747,-0.99992,-0.49901
2.25,3.75,-1,-0.5
2.2541,3.753,-0.99992,-0.49901
2.2603,3.756,-0.99968,-0.49606
2.2686,3.759,-0.99929,-0.49114
2.279,3.762,-0.99874,-0.48429
2.2914,3.765,-0.99803,-0.47553
2.306,3.768,-0.99716,-0.46489
2.3225,3.771,-0.99613,-0.45241
2.3409,3.774,-0.99495,-0.43815
2.3612,3.777,-0.99361,-0.42216
2.3834,3.78,-0.99211,-0.40451
2.4073,3.783,-0.99046,-0.38526
2.4329,3.786,-0.98865,-0.36448
2.46,3.789,-0.98669,-0.34227
2.4887,3.792,-0.98456,-0.31871
2.5188,3.795,-0.98229,-0.29389
2.5502,3.798,-0.97986,-0.26791
2.5829,3.801,-0.97727,-0.24088
2.6166,3.804,-0.97453,-0.21289
2.6513,3.807,-0.97163,-0.18406
2.6869,3.81,-0.96858,-0.15451
2.7233,3.813,-0.96538,-0.12434
2.7603,3.816,-0.96203,-0.093691
2.7978,3.819,-0.95852,-0.062667
2.8357,3.822,-0.95486,-0.031395
2.8739,3.825,-0.95106,-2.4496e-15
2.9123,3.828,-0.9471,0.031395
2.9507,3.831,-0.94299,0.062667
2.989,3.834,-0.93873,0.093691
3.027,3.837,-0.93433,0.12434
3.0647,3.84,-0.92978,0.15451
3.102,3.843,-0.92508,0.18406
3.1387,3.846,-0.92023,0.21289
3.1746,3.849,-0.91524,0.24088
3.2098,3.852,-0.91011,0.26791
3.2441,3.855,-0.90483,0.29389
3.2773,3.858,-0.89941,0.31871
3.3094,3.861,-0.89384,0.34227
3.3403,3.864,-0.88814,0.36448
3.37,3.867,-0.88229,0.38526
3.3982,3.87,-0.87631,0.40451
3.425,3.873,-0.87018,0.42216
3.4502,3.876,-0.86392,0.43815
3.4739,3.879,-0.85753,0.45241
3.4959,3.882,-0.85099,0.46489
3.5162,3.885,-0.84433,0.47553
3.5348,3.888,-0.83753,0.48429
3.5515,3.891,-0.8306,0.49114
3.5665,3.894,-0.82353,0.49606
3.5797,3.897,-0.81634,0.49901
3.591,3.9,-0.80902,0.5
3.6004,3.903,-0.80157,0.49901
3.6081,3.906,-0.79399,0.49606
3.6139,3.909,-0.78629,0.49114
3.6178,3.912,-0.77846,0.48429
3.62,3.915,-0.77051,0.47553
3.6204,3.918,-0.76244,0.46489
3.6192,3.921,-0.75425,0.45241
3.6162,3.924,-0.74594,0.43815
3.6117,3.927,-0.73751,0.42216
3.6055,3.93,-0.72897,0.40451
3.5979,3.933,-0.72031,0.38526
3.5889,3.936,-0.71154,0.36448
3.5786,3.939,-0.70265,0.34227
3.5671,3.942,-0.69365,0.31871
3.5543,3.945,-0.68455,0.29389
3.5406,3.948,-0.67533,0.26791
3.5259,3.951,-0.66601,0.24088
3.5103,3.954,-0.65659,0.21289
3.494,3.957,-0.64706,0.18406
3.4771,3.96,-0.63742,0.15451
3.4597,3.963,-0.62769,0.12434
3.4418,3.966,-0.61786,0.093691
3.4237,3.969,-0.60793,0.062667
3.4055,3.972,-0.5979,0.031395
3.3872,3.975,-0.58779,7.3448e-16
3.369,3.978,-0.57757,-0.031395
3.3511,3.981,-0.56727,-0.062667
3.3334,3.984,-0.55688,-0.093691
3.3163,3.987,-0.54639,-0.12434
3.2997,3.99,-0.53583,-0.15451
3.2838,3.993,-0.52517,-0.18406
3.2687,3.996,-0.51444,-0.21289
3.2545,3.999,-0.50362,-0.24088
3.2414,4.002,-0.49273,-0.26791
3.2294,4.005,-0.48175,-0.29389
3.2186,4.008,-0.4707,-0.31871
3.2091,4.011,-0.45958,-0.34227
3.2011,4.014,-0.44838,-0.36448
3.1946,4.017,-0.43712,-0.38526
3.1897,4.02,-0.42578,-0.40451
3.1865,4.023,-0.41438,-0.42216
3.1849,4.026,-0.40291,-0.43815
3.1852,4.029,-0.39137,-0.45241
3.1873,4.032,-0.37978,-0.46489
3.1913,4.035,-0.36812,-0.47553
3.1973,4.038,-0.35641,-0.48429
3.2052,4.041,-0.34464,-0.49114
3.2151,4.044,-0.33282,-0.49606
3.227,4.047,-0.32094,-0.49901
3.241,4.05,-0.30902,-0.5
3.2569,4.053,-0.29704,-0.49901
3.2749,4.056,-0.28502,-0.49606
3.2949,4.059,-0.27295,-0.49114
3.3169,4.062,-0.26084,-0.48429
3.3408,4.065,-0.24869,-0.47553
3.3666,4.068,-0.2365,-0.46489
3.3943,4.071,-0.22427,-0.45241
3.4238,4.074,-0.21201,-0.43815
3.4551,4.077,-0.19971,-0.42216
3.4881,4.08,-0.18738,-0.40451
3.5227,4.083,-0.17502,-0.38526
3.5589,4.086,-0.16264,-0.36448
3.5965,4.089,-0.15023,-0.34227
3.6355,4.092,-0.13779,-0.31871
3.6758,4.095,-0.12533,-0.29389
3.7172,4.098,-0.11286,-0.26791
3.7598,4.101,-0.10036,-0.24088
3.8033,4.104,-0.087851,-0.21289
3.8476,4.107,-0.075327,-0.18406
3.8927,4.11,-0.062791,-0.15451
3.9384,4.113,-0.050244,-0.12434
3.9846,4.116,-0.03769,-0.093691
4.0312,4.119,-0.02513,-0.062667
4.078,4.122,-0.012566,-0.031395
4.125,4.125,-2.4499e-15,9.8065e-16
4.172,4.128,0.012566,0.031395
4.2188,4.131,0.02513,0.062667
4.2654,4.134,0.03769,0.093691
4.3116,4.137,0.050244,0.12434
4.3573,4.14,0.062791,0.15451
4.4024,4.143,0.075327,0.18406
4.4467,4.146,0.087851,0.21289
4.4902,4.149,0.10036,0.24088
4.5328,4.152,0.11286,0.26791
4.5742,4.155,0.12533,0.29389
4.6145,4.158,0.13779,0.31871
4.6535,4.161,0.15023,0.34227
4.6911,4.164,0.16264,0.36448
4.7273,4.167,0.17502,0.38526
4.7619,4.17,0.18738,0.40451
4.7949,4.173,0.19971,0.42216
4.8262,4.176,0.21201,0.43815
4.8557,4.179,0.22427,0.45241
4.8834,4.182,0.2365,0.46489
4.9092,4.185,0.24869,0.47553
4.9331,4.188,0.26084,0.48429
4.9551,4.191,0.27295,0.49114
4.9751,4.194,0.28502,0.49606
4.9931,4.197,0.29704,0.49901
5.009,4.2,0.30902,0.5
5.023,4.203,0.32094,0.49901
5.0349,4.206,0.33282,0.49606
5.0448,4.209,0.34464,0.49114
5.0527,4.212,0.35641,0.48429
5.0587,4.215,0.36812,0.47553
5.0627,4.218,0.37978,0.46489
5.0648,4.221,0.39137,0.45241
5.0651,4.224,0.40291,0.43815
5.0635,4.227,0.41438,0.42216
5.0603,4.23,0.42578,0.40451
5.0554,4.233,0.43712,0.38526
5.0489,4.236,0.44838,0.36448
5.0409,4.239,0.45958,0.34227
5.0314,4.242,0.4707,0.31871
5.0206,4.245,0.48175,0.29389
5.0086,4.248,0.49273,0.26791
4.9955,4.251,0.50362,0.24088
4.9813,4.254,0.51444,0.21289
4.9662,4.257,0.52517,0.18406
4.9503,4.26,0.53583,0.15451
4.9337,4.263,0.54639,0.12434
4.9166,4.266,0.55688,0.093691
4.8989,4.269,0.56727,0.062667
4.881,4.272,0.57757,0.031395
4.8628,4.275,0.58779,4.4097e-15
4.8445,4.278,0.5979,-0.031395
4.8263,4.281,0.60793,-0.062667
4.8082,4.284,0.61786,-0.093691
4.7903,4.287,0.62769,-0.12434
4.7729,4.29,0.63742,-0.15451
4.756,4.293,0.64706,-0.18406
4.7397,4.296,0.65659,-0.21289
4.7241,4.299,0.66601,-0.24088
4.7094,4.302,0.67533,-0.26791
4.6957,4.305,0.68455,-0.29389
4.6829,4.308,0.69365,-0.31871
4.6714,4.311,0.70265,-0.34227
4.6611,4.314,0.71154,-0.36448
4.6521,4.317,0.72031,-0.38526
4.6445,4.32,0.72897,-0.40451
4.6383,4.323,0.73751,-0.42216
4.6338,4.326,0.74594,-0.43815
4.6308,4.329,0.75425,-0.45241
4.6296,4.332,0.76244,-0.46489
4.63,4.335,0.77051,-0.47553
4.6322,4.338,0.77846,-0.48429
4.6361,4.341,0.78629,-0.49114
4.6419,4.344,0.79399,-0.49606
4.6496,4.347,0.80157,-0.49901
4.659,4.35,0.80902,-0.5
4.6703,4.353,0.81634,-0.49901
4.6835,4.356,0.82353,-0.49606
4.6985,4.359,0.8306,-0.49114
4.7152,4.362,0.83753,-0.48429
4.7338,4.365,0.84433,-0.47553
4.7541,4.368,0.85099,-0.46489
4.7761,4.371,0.85753,-0.45241
4.7998,4.374,0.86392,-0.43815
4.825,4.377,0.87018,-0.42216
4.8518,4.38,0.87631,-0.40451
4.88,4.383,0.88229,-0.38526
4.9097,4.386,0.88814,-0.36448
4.9406,4.389,0.89384,-0.34227
4.9727,4.392,0.89941,-0.31871
5.0059,4.395,0.90483,-0.29389
5.0402,4.398,0.91011,-0.26791
5.0754,4.401,0.91524,-0.24088
5.1113,4.404,0.92023,-0.21289
5.148,4.407,0.92508,-0.18406
5.1853,4.41,0.92978,-0.15451
5.223,4.413,0.93433,-0.12434
5.261,4.416,0.93873,-0.093691
5.2993,4.419,0.94299,-0.062667
5.3377,4.422,0.9471,-0.031395
5.3761,4.425,0.95106,4.4109e-15
5.4143,4.428,0.95486,0.031395
5.4522,4.431,0.95852,0.062667
5.4897,4.434,0.96203,0.093691
5.5267,4.437,0.96538,0.12434
5.5631,4.44,0.96858,0.15451
5.5987,4.443,0.97163,0.18406
5.6334,4.446,0.97453,0.21289
5.6671,4.449,0.97727,0.24088
5.6998,4.452,0.97986,0.26791
5.7312,4.455,0.98229,0.29389
5.7613,4.458,0.98456,0.31871
5.79,4.461,0.98669,0.34227
5.8171,4.464,0.98865,0.36448
5.8427,4.467,0.99046,0.38526
5.8666,4.47,0.99211,0.40451
5.8888,4.473,0.99361,0.42216
5.9091,4.476,0.99495,0.43815
5.9275,4.479,0.99613,0.45241
5.944,4.482,0.99716,0.46489
5.9586,4.485,0.99803,0.47553
5.971,4.488,0.99874,0.48429
5.9814,4.491,0.99929,0.49114
5.9897,4.494,0.99968,0.49606
5.9959,4.497,0.99992,0.49901
6,4.5,1,0.5
6.0019,4.503,0.99992,0.49901
6.0017,4.506,0.99968,0.49606
5.9994,4.509,0.99929,0.49114
5.995,4.512,0.99874,0.48429
5.9886,4.515,0.99803,0.47553
5.98,4.518,0.99716,0.46489
5.9695,4.521,0.99613,0.45241
5.9571,4.524,0.99495,0.43815
5.9428,4.527,0.99361,0.42216
5.9266,4.53,0.99211,0.40451
5.9087,4.533,0.99046,0.38526
5.8891,4.536,0.98865,0.36448
5.868,4.539,0.98669,0.34227
5.8453,4.542,0.98456,0.31871
5.8212,4.545,0.98229,0.29389
5.7958,4.548,0.97986,0.26791
5.7691,4.551,0.97727,0.24088
5.7414,4.554,0.97453,0.21289
5.7127,4.557,0.97163,0.18406
5.6831,4.56,0.96858,0.15451
5.6527,4.563,0.96538,0.12434
5.6217,4.566,0.96203,0.093691
5.5902,4.569,0.95852,0.062667
5.5583,4.572,0.95486,0.031395
5.5261,4.575,0.95106,8.0848e-15
5.4937,4.578,0.9471,-0.031395
5.4613,4.581,0.94299,-0.062667
5.429,4.584,0.93873,-0.093691
5.397,4.587,0.93433,-0.12434
5.3653,4.59,0.92978,-0.15451
5.334,4.593,0.92508,-0.18406
5.3033,4.596,0.92023,-0.21289
5.2734,4.599,0.91524,-0.24088
5.2442,4.602,0.91011,-0.26791
5.2159,4.605,0.90483,-0.29389
5.1887,4.608,0.89941,-0.31871
5.1626,4.611,0.89384,-0.34227
5.1377,4.614,0.88814,-0.36448
5.114,4.617,0.88229,-0.38526
5.0918,4.62,0.87631,-0.40451
5.071,4.623,0.87018,-0.42216
5.0518,4.626,0.86392,-0.43815
5.0341,4.629,0.85753,-0.45241
5.0181,4.632,0.85099,-0.46489
5.0038,4.635,0.84433,-0.47553
4.9912,4.638,0.83753,-0.48429
4.9805,4.641,0.8306,-0.49114
4.9715,4.644,0.82353,-0.49606
4.9643,4.647,0.81634,-0.49901
4.959,4.65,0.80902,-0.5
4.9556,4.653,0.80157,-0.49901
4.9539,4.656,0.79399,-0.49606
4.9541,4.659,0.78629,-0.49114
4.9562,4.662,0.77846,-0.48429
4.96,4.665,0.77051,-0.47553
4.9656,4.668,0.76244,-0.46489
4.9728,4.671,0.75425,-0.45241
4.9818,4.674,0.74594,-0.43815
4.9923,4.677,0.73751,-0.42216
5.0045,4.68,0.72897,-0.40451
5.0181,4.683,0.72031,-0.38526
5.0331,4.686,0.71154,-0.36448
5.0494,4.689,0.70265,-0.34227
5.0669,4.692,0.69365,-0.31871
5.0857,4.695,0.68455,-0.29389
5.1054,4.698,0.67533,-0.26791
5.1261,4.701,0.66601,-0.24088
5.1477,4.704,0.65659,-0.21289
5.17,4.707,0.64706,-0.18406
5.1929,4.71,0.63742,-0.15451
5.2163,4.713,0.62769,-0.12434
5.2402,4.716,0.61786,-0.093691
5.2643,4.719,0.60793,-0.062667
5.2885,4.722,0.5979,-0.031395
5.3128,4.725,0.58779,-6.3697e-15
5.337,4.728,0.57757,0.031395
5.3609,4.731,0.56727,0.062667
5.3846,4.734,0.55688,0.093691
5.4077,4.737,0.54639,0.12434
5.4303,4.74,0.53583,0.15451
5.4522,4.743,0.52517,0.18406
5.4733,4.746,0.51444,0.21289
5.4935,4.749,0.50362,0.24088
5.5126,4.752,0.49273,0.26791
5.5306,4.755,0.48175,0.29389
5.5474,4.758,0.4707,0.31871
5.5629,4.761,0.45958,0.34227
5.5769,4.764,0.44838,0.36448
5.5894,4.767,0.43712,0.38526
5.6003,4.77,0.42578,0.40451
5.6095,4.773,0.41438,0.42216
5.6171,4.776,0.40291,0.43815
5.6228,4.779,0.39137,0.45241
5.6267,4.782,0.37978,0.46489
5.6287,4.785,0.36812,0.47553
5.6287,4.788,0.35641,0.48429
5.6268,4.791,0.34464,0.49114
5.6229,4.794,0.33282,0.49606
5.617,4.797,0.32094,0.49901
5.609,4.8,0.30902,0.5
5.5991,4.803,0.29704,0.49901
5.5871,4.806,0.28502,0.49606
5.5731,4.809,0.27295,0.49114
5.5571,4.812,0.26084,0.48429
5.5392,4.815,0.24869,0.47553
5.5194,4.818,0.2365,0.46489
5.4977,4.821,0.22427,0.45241
5.4742,4.824,0.21201,0.43815
5.4489,4.827,0.19971,0.42216
5.4219,4.83,0.18738,0.40451
5.3933,4.833,0.17502,0.38526
5.3631,4.836,0.16264,0.36448
5.3315,4.839,0.15023,0.34227
5.2985,4.842,0.13779,0.31871
5.2642,4.845,0.12533,0.29389
5.2288,4.848,0.11286,0.26791
5.1922,4.851,0.10036,0.24088
5.1547,4.854,0.087851,0.21289
5.1164,4.857,0.075327,0.18406
5.0773,4.86,0.062791,0.15451
5.0376,4.863,0.050244,0.12434
4.9974,4.866,0.03769,0.093691
4.9568,4.869,0.02513,0.062667
4.916,4.872,0.012566,0.031395
4.875,4.875,-9.8034e-16,4.6546e-15
4.834,4.878,-0.012566,-0.031395
4.7932,4.881,-0.02513,-0.062667
4.7526,4.884,-0.03769,-0.093691
4.7124,4.887,-0.050244,-0.12434
4.6727,4.89,-0.062791,-0.15451
4.6336,4.893,-0.075327,-0.18406
4.5953,4.896,-0.087851,-0.21289
4.5578,4.899,-0.10036,-0.24088
4.5212,4.902,-0.11286,-0.26791
4.4858,4.905,-0.12533,-0.29389
4.4515,4.908,-0.13779,-0.31871
4.4185,4.911,-0.15023,-0.34227
4.3869,4.914,-0.16264,-0.36448
4.3567,4.917,-0.17502,-0.38526
4.3281,4.92,-0.18738,-0.40451
4.3011,4.923,-0.19971,-0.42216
4.2758,4.926,-0.21201,-0.43815
4.2523,4.929,-0.22427,-0.45241
4.2306,4.932,-0.2365,-0.46489
4.2108,4.935,-0.24869,-0.47553
4.1929,4.938,-0.26084,-0.48429
4.1769,4.941,-0.27295,-0.49114
4.1629,4.944,-0.28502,-0.49606
4.1509,4.947,-0.29704,-0.49901
4.141,4.95,-0.30902,-0.5
4.133,4.953,-0.32094,-0.49901
4.1271,4.956,-0.33282,-0.49606
4.1232,4.959,-0.34464,-0.49114
4.1213,4.962,-0.35641,-0.48429
4.1213,4.965,-0.36812,-0.47553
4.1233,4.968,-0.37978,-0.46489
4.1272,4.971,-0.39137,-0.45241
4.1329,4.974,-0.40291,-0.43815
4.1405,4.977,-0.41438,-0.42216
4.1497,4.98,-0.42578,-0.40451
4.1606,4.983,-0.43712,-0.38526
4.1731,4.986,-0.44838,-0.36448
4.1871,4.989,-0.45958,-0.34227
4.2026,4.992,-0.4707,-0.31871
4.2194,4.995,-0.48175,-0.29389
4.2374,4.998,-0.49273,-0.26791
4.2565,5.001,-0.50362,-0.24088
4.2767,5.004,-0.51444,-0.21289
4.2978,5.007,-0.52517,-0.18406
4.3197,5.01,-0.53583,-0.15451
4.3423,5.013,-0.54639,-0.12434
4.3654,5.016,-0.55688,-0.093691
4.3891,5.019,-0.56727,-0.062667
4.413,5.022,-0.57757,-0.031395
4.4372,5.025,-0.58779,-2.9395e-15
4.4615,5.028,-0.5979,0.031395
4.4857,5.031,-0.60793,0.062667
4.5098,5.034,-0.61786,0.093691
4.5337,5.037,-0.62769,0.12434
4.5571,5.04,-0.63742,0.15451
4.58,5.043,-0.64706,0.18406
4.6023,5.046,-0.65659,0.21289
4.6239,5.049,-0.66601,0.24088
4.6446,5.052,-0.67533,0.26791
4.6643,5.055,-0.68455,0.29389
4.6831,5.058,-0.69365,0.31871
4.7006,5.061,-0.70265,0.34227
4.7169,5.064,-0.71154,0.36448
4.7319,5.067,-0.72031,0.38526
4.7455,5.07,-0.72897,0.40451
4.7577,5.073,-0.73751,0.42216
4.7682,5.076,-0.74594,0.43815
4.7772,5.079,-0.75425,0.45241
4.7844,5.082,-0.76244,0.46489
4.79,5.085,-0.77051,0.47553
4.7938,5.088,-0.77846,0.48429
4.7959,5.091,-0.78629,0.49114
4.7961,5.094,-0.79399,0.49606
4.7944,5.097,-0.80157,0.49901
4.791,5.1,-0.80902,0.5
4.7857,5.103,-0.81634,0.49901
4.7785,5.106,-0.82353,0.49606
4.7695,5.109,-0.8306,0.49114
4.7588,5.112,-0.83753,0.48429
4.7462,5.115,-0.84433,0.47553
4.7319,5.118,-0.85099,0.46489
4.7159,5.121,-0.85753,0.45241
4.6982,5.124,-0.86392,0.43815
4.679,5.127,-0.87018,0.42216
4.6582,5.13,-0.87631,0.40451
4.636,5.133,-0.88229,0.38526
4.6123,5.136,-0.88814,0.36448
4.5874,5.139,-0.89384,0.34227
4.5613,5.142,-0.89941,0.31871
4.5341,5.145,-0.90483,0.29389
4.5058,5.148,-0.91011,0.26791
4.4766,5.151,-0.91524,0.24088
4.4467,5.154,-0.92023,0.21289
4.416,5.157,-0.92508,0.18406
4.3847,5.16,-0.92978,0.15451
4.353,5.163,-0.93433,0.12434
4.321,5.166,-0.93873,0.093691
4.2887,5.169,-0.94299,0.062667
4.2563,5.172,-0.9471,0.031395
4.2239,5.175,-0.95106,1.2243e-15
4.1917,5.178,-0.95486,-0.031395
4.1598,5.181,-0.95852,-0.062667
4.1283,5.184,-0.96203,-0.093691
4.0973,5.187,-0.96538,-0.12434
4.0669,5.19,-0.96858,-0.15451
4.0373,5.193,-0.97163,-0.18406
4.0086,5.196,-0.97453,-0.21289
3.9809,5.199,-0.97727,-0.24088
3.9542,5.202,-0.97986,-0.26791
3.9288,5.205,-0.98229,-0.29389
3.9047,5.208,-0.98456,-0.31871
3.882,5.211,-0.98669,-0.34227
3.8609,5.214,-0.98865,-0.36448
3.8413,5.217,-0.99046,-0.38526
3.8234,5.22,-0.99211,-0.40451
3.8072,5.223,-0.99361,-0.42216
3.7929,5.226,-0.99495,-0.43815
3.7805,5.229,-0.99613,-0.45241
3.77,5.232,-0.99716,-0.46489
3.7614,5.235,-0.99803,-0.47553
3.755,5.238,-0.99874,-0.48429
3.7506,5.241,-0.99929,-0.49114
3.7483,5.244,-0.99968,-0.49606
3.7481,5.247,-0.99992,-0.49901
3.75,5.25,-1,-0.5
3.7541,5.253,-0.99992,-0.49901
3.7603,5.256,-0.99968,-0.49606
3.7686,5.259,-0.99929,-0.49114
3.779,5.262,-0.99874,-0.48429
3.7914,5.265,-0.99803,-0.47553
3.806,5.268,-0.99716,-0.46489
3.8225,5.271,-0.99613,-0.45241
3.8409,5.274,-0.99495,-0.43815
3.8612,5.277,-0.99361,-0.42216
3.8834,5.28,-0.99211,-0.40451
3.9073,5.283,-0.99046,-0.38526
3.9329,5.286,-0.98865,-0.36448
3.96,5.289,-0.98669,-0.34227
3.9887,5.292,-0.98456,-0.31871
4.0188,5.295,-0.98229,-0.29389
4.0502,5.298,-0.97986,-0.26791
4.0829,5.301,-0.97727,-0.24088
4.1166,5.304,-0.97453,-0.21289
4.1513,5.307,-0.97163,-0.18406
4.1869,5.31,-0.96858,-0.15451
4.2233,5.313,-0.96538,-0.12434
4.2603,5.316,-0.96203,-0.093691
4.2978,5.319,-0.95852,-0.062667
4.3357,5.322,-0.95486,-0.031395
4.3739,5.325,-0.95106,-6.6146e-15
4.4123,5.328,-0.9471,0.031395
4.4507,5.331,-0.94299,0.062667
4.489,5.334,-0.93873,0.093691
4.527,5.337,-0.93433,0.12434
4.5647,5.34,-0.92978,0.15451
4.602,5.343,-0.92508,0.18406
4.6387,5.346,-0.92023,0.21289
4.6746,5.349,-0.91524,0.24088
4.7098,5.352,-0.91011,0.26791
4.7441,5.355,-0.90483,0.29389
4.7773,5.358,-0.89941,0.31871
4.8094,5.361,-0.89384,0.34227
4.8403,5.364,-0.88814,0.36448
4.87,5.367,-0.88229,0.38526
4.8982,5.37,-0.87631,0.40451
4.925,5.373,-0.87018,0.42216
4.9502,5.376,-0.86392,0.43815
4.9739,5.379,-0.85753,0.45241
4.9959,5.382,-0.85099,0.46489
5.0162,5.385,-0.84433,0.47553
5.0348,5.388,-0.83753,0.48429
5.0515,5.391,-0.8306,0.49114
5.0665,5.394,-0.82353,0.49606
5.0797,5.397,-0.81634,0.49901
5.091,5.4,-0.80902,0.5
5.1004,5.403,-0.80157,0.49901
5.1081,5.406,-0.79399,0.49606
5.1139,5.409,-0.78629,0.49114
5.1178,5.412,-0.77846,0.48429
5.12,5.415,-0.77051,0.47553
5.1204,5.418,-0.76244,0.46489
5.1192,5.421,-0.75425,0.45241
5.1162,5.424,-0.74594,0.43815
5.1117,5.427,-0.73751,0.42216
5.1055,5.43,-0.72897,0.40451
5.0979,5.433,-0.72031,0.38526
5.0889,5.436,-0.71154,0.36448
5.0786,5.439,-0.70265,0.34227
5.0671,5.442,-0.69365,0.31871
5.0543,5.445,-0.68455,0.29389
5.0406,5.448,-0.67533,0.26791
5.0259,5.451,-0.66601,0.24088
5.0103,5.454,-0.65659,0.21289
4.994,5.457,-0.64706,0.18406
4.9771,5.46,-0.63742,0.15451
4.9597,5.463,-0.62769,0.12434
4.9418,5.466,-0.61786,0.093691
4.9237,5.469,-0.60793,0.062667
4.9055,5.472,-0.5979,0.031395
4.8872,5.475,-0.58779,4.8995e-15
4.869,5.478,-0.57757,-0.031395
4.8511,5.481,-0.56727,-0.062667
4.8334,5.484,-0.55688,-0.093691
4.8163,5.487,-0.54639,-0.12434
4.7997,5.49,-0.53583,-0.15451
4.7838,5.493,-0.52517,-0.18406
4.7687,5.496,-0.51444,-0.21289
4.7545,5.499,-0.50362,-0.24088
4.7414,5.502,-0.49273,-0.26791
4.7294,5.505,-0.48175,-0.29389
4.7186,5.508,-0.4707,-0.31871
4.7091,5.511,-0.45958,-0.34227
4.7011,5.514,-0.44838,-0.36448
4.6946,5.517,-0.43712,-0.38526
4.6897,5.52,-0.42578,-0.40451
4.6865,5.523,-0.41438,-0.42216
4.6849,5.526,-0.40291,-0.43815
4.6852,5.529,-0.39137,-0.45241
4.6873,5.532,-0.37978,-0.46489
4.6913,5.535,-0.36812,-0.47553
4.6973,5.538,-0.35641,-0.48429
4.7052,5.541,-0.34464,-0.49114
4.7151,5.544,-0.33282,-0.49606
4.727,5.547,-0.32094,-0.49901
4.741,5.55,-0.30902,-0.5
4.7569,5.553,-0.29704,-0.49901
4.7749,5.556,-0.28502,-0.49606
4.7949,5.559,-0.27295,-0.49114
4.8169,5.562,-0.26084,-0.48429
4.8408,5.565,-0.24869,-0.47553
4.8666,5.568,-0.2365,-0.46489
4.8943,5.571,-0.22427,-0.45241
4.9238,5.574,-0.21201,-0.43815
4.9551,5.577,-0.19971,-0.42216
4.9881,5.58,-0.18738,-0.40451
5.0227,5.583,-0.17502,-0.38526
5.0589,5.586,-0.16264,-0.36448
5.0965,5.589,-0.15023,-0.34227
5.1355,5.592,-0.13779,-0.31871
5.1758,5.595,-0.12533,-0.29389
5.2172,5.598,-0.11286,-0.26791
5.2598,5.601,-0.10036,-0.24088
5.3033,5.604,-0.087851,-0.21289
5.3476,5.607,-0.075327,-0.18406
5.3927,5.61,-0.062791,-0.15451
5.4384,5.613,-0.050244,-0.12434
5.4846,5.616,-0.03769,-0.093691
5.5312,5.619,-0.02513,-0.062667
5.578,5.622,-0.012566,-0.031395
5.625,5.625,-2.6948e-15,-3.1844e-15
5.672,5.628,0.012566,0.031395
5.7188,5.631,0.02513,0.062667
5.7654,5.634,0.03769,0.093691
5.8116,5.637,0.050244,0.12434
5.8573,5.64,0.062791,0.15451
5.9024,5.643,0.075327,0.18406
5.9467,5.646,0.087851,0.21289
5.9902,5.649,0.10036,0.24088
6.0328,5.652,0.11286,0.26791
6.0742,5.655,0.12533,0.29389
6.1145,5.658,0.13779,0.31871
6.1535,5.661,0.15023,0.34227
6.1911,5.664,0.16264,0.36448
6.2273,5.667,0.17502,0.38526
6.2619,5.67,0.18738,0.40451
6.2949,5.673,0.19971,0.42216
6.3262,5.676,0.21201,0.43815
6.3557,5.679,0.22427,0.45241
6.3834,5.682,0.2365,0.46489
6.4092,5.685,0.24869,0.47553
6.4331,5.688,0.26084,0.48429
6.4551,5.691,0.27295,0.49114
6.4751,5.694,0.28502,0.49606
6.4931,5.697,0.29704,0.49901
6.509,5.7,0.30902,0.5
6.523,5.703,0.32094,0.49901
6.5349,5.706,0.33282,0.49606
6.5448,5.709,0.34464,0.49114
6.5527,5.712,0.35641,0.48429
6.5587,5.715,0.36812,0.47553
6.5627,5.718,0.37978,0.46489
6.5648,5.721,0.39137,0.45241
6.5651,5.724,0.40291,0.43815
6.5635,5.727,0.41438,0.42216
6.5603,5.73,0.42578,0.40451
6.5554,5.733,0.43712,0.38526
6.5489,5.736,0.44838,0.36448
6.5409,5.739,0.45958,0.34227
6.5314,5.742,0.4707,0.31871
6.5206,5.745,0.48175,0.29389
6.5086,5.748,0.49273,0.26791
6.4955,5.751,0.50362,0.24088
6.4813,5.754,0.51444,0.21289
6.4662,5.757,0.52517,0.18406
6.4503,5.76,0.53583,0.15451
6.4337,5.763,0.54639,0.12434
6.4166,5.766,0.55688,0.093691
6.3989,5.769,0.56727,0.062667
6.381,5.772,0.57757,0.031395
6.3628,5.775,0.58779,1.4693e-15
6.3445,5.778,0.5979,-0.031395
6.3263,5.781,0.60793,-0.062667
6.3082,5.784,0.61786,-0.093691
6.2903,5.787,0.62769,-0.12434
6.2729,5.79,0.63742,-0.15451
6.256,5.793,0.64706,-0.18406
6.2397,5.796,0.65659,-0.21289
6.2241,5.799,0.66601,-0.24088
6.2094,5.802,0.67533,-0.26791
6.1957,5.805,0.68455,-0.29389
6.1829,5.808,0.69365,-0.31871
6.1714,5.811,0.70265,-0.34227
6.1611,5.814,0.71154,-0.36448
6.1521,5.817,0.72031,-0.38526
6.1445,5.82,0.72897,-0.40451
6.1383,5.823,0.73751,-0.42216
6.1338,5.826,0.74594,-0.43815
6.1308,5.829,0.75425,-0.45241
6.1296,5.832,0.76244,-0.46489
6.13,5.835,0.77051,-0.47553
6.1322,5.838,0.77846,-0.48429
6.1361,5.841,0.78629,-0.49114
6.1419,5.844,0.79399,-0.49606
6.1496,5.847,0.80157,-0.49901
6.159,5.85,0.80902,-0.5
6.1703,5.853,0.81634,-0.49901
6.1835,5.856,0.82353,-0.49606
6.1985,5.859,0.8306,-0.49114
6.2152,5.862,0.83753,-0.48429
6.2338,5.865,0.84433,-0.47553
6.2541,5.868,0.85099,-0.46489
6.2761,5.871,0.85753,-0.45241
6.2998,5.874,0.86392,-0.43815
6.325,5.877,0.87018,-0.42216
6.3518,5.88,0.87631,-0.40451
6.38,5.883,0.88229,-0.38526
6.4097,5.886,0.88814,-0.36448
6.4406,5.889,0.89384,-0.34227
6.4727,5.892,0.89941,-0.31871
6.5059,5.895,0.90483,-0.29389
6.5402,5.898,0.91011,-0.26791
6.5754,5.901,0.91524,-0.24088
6.6113,5.904,0.92023,-0.21289
6.648,5.907,0.92508,-0.18406
6.6853,5.91,0.92978,-0.15451
6.723,5.913,0.93433,-0.12434
6.761,5.916,0.93873,-0.093691
6.7993,5.919,0.94299,-0.062667
6.8377,5.922,0.9471,-0.031395
6.8761,5.925,0.95106,2.4586e-16
6.9143,5.928,0.95486,0.031395
6.9522,5.931,0.95852,0.062667
6.9897,5.934,0.96203,0.093691
7.0267,5.937,0.96538,0.12434
7.0631,5.94,0.96858,0.15451
7.0987,5.943,0.97163,0.18406
7.1334,5.946,0.97453,0.21289
7.1671,5.949,0.97727,0.24088
7.1998,5.952,0.97986,0.26791
7.2312,5.955,0.98229,0.29389
7.2613,5.958,0.98456,0.31871
7.29,5.961,0.98669,0.34227
7.3171,5.964,0.98865,0.36448
7.3427,5.967,0.99046,0.38526
7.3666,5.97,0.99211,0.40451
7.3888,5.973,0.99361,0.42216
7.4091,5.976,0.99495,0.43815
7.4275,5.979,0.99613,0.45241
7.444,5.982,0.99716,0.46489
7.4586,5.985,0.99803,0.47553
7.471,5.988,0.99874,0.48429
7.4814,5.991,0.99929,0.49114
7.4897,5.994,0.99968,0.49606
7.4959,5.997,0.99992,0.49901
7.5,6,1,0.5
